ACME_-	ACME_1_KC879557.1	ACME_2_KC879558.1	ACME_3_AB687558.1	ACME_4_FR753166.1	ACME_5_AB665981.1	ACME_6_KF234240.1	ACME_7_KF175393.1
ElrA_-	ElrA_1_295112306	ElrA_2_CP003726.1	ElrA_3_CP002621.1	ElrA_4_CP002491.1	ElrA_5__AE016830.1
SEnt-	SEntC_5_CP002114.2	SEnt_protein_1_AJ938182.1
SEnt-_1	SEntA_2_CP003194.1	SEntA_4_CP000255.1	SEntP_3_AM990992.1	SEnt_6_CP000730.1
SEntA_3_BX571856+	SEntA_3_BX571856.1	SEntA_5_FJ495182.1	SEntA_6_EF520720.1	SEntA_7_AP009351.1	SEntA_8_L22566.1	SEntP_1_AP009324.1	sea_sep_10_KJ596420.1	sea_sep_11_AP009324.1	sea_sep_12_CP010526.1	sea_sep_1_AP009324.1	sea_sep_2_CP010526.1	sea_sep_4_BA000033.2	sea_sep_5_FJ495182.1	sea_sep_6_EF520720.1	sea_sep_7_L22566.1	sea_sep_8_AP009351.1	sea_sep_9_DQ530361.1
SEntA_9_CP001996+	SEntA_9_CP001996.1	sea_sep_15_AY196686.1
SEntB_1_CP000046+	SEntB_1_CP000046.1	seb_1_CP007539.1	seb_2_KC428707.1	seb_3_DQ997831.1	seb_4_AB716349.1	seb_5_AB860415.1	seb_6_AB716351.1	seb_7_AB716352.1	seb_8_AB716350.1
SEntB_2_CP002110+	SEntB_2_CP002110.1	SEntC_2_AJ938182.1	SEntI_2_AY158703.1	SEnt_12_HE681097.1	SEnt_9_FR821777.2	SEntyent1_1_CP001781.1	SEntyent2_1_AP009324.1	seu_1_CP002388.1	seu_2_HE681097.1	seu_3_CP006706.1
SEntC_1_BA000033+	SEntC_1_BA000033.2	SEntC_3_AP009324.1	SEntC_4_AJ938182.1	SEntC_6_CP001996.1	sec3_2_M28364.1	sec3_6_AP009324.1	sec3_9_JN689383.1	sec_10_AB084256.1	sec_1_BA000033.2	sec_3_AB860417.1	sec_4_KF386012.1	sec_5_X05815.1	sec_7_AB084256.1	sec_8_KF729631.1
SEntG_1_BA000018+	SEntG_1_BA000018.3	SEntG_2_AJ938182.1	SEnt_2_CP002110.1	SEnt_7_FR821777.2	seg_1_CP001844.2	seg_2_CP002388.1	seg_3_AJ938182.1
SEntG_3_BA000033+	SEntG_3_BA000033.2	SEntI_5_CP000046.1	SEntL_5_CP003166.1	SEntQ_1_CP000255.1	SEntQ_2_FN433596.1	SEntQ_3_CP002643.1	SEnt_1_BX571857.1	SEnt_5_CP000730.1	seq_10_CP003603.1	seq_11_CP006630.1	seq_12_CP002643.1	seq_13_CP003604.1	seq_1_CP002643.1	seq_2_AP014942.1	seq_3_FN433596.1	seq_4_CP003603.1	seq_5_CP006630.1	seq_6_CP003604.1	seq_7_AB704541.1	seq_8_CP000255.1	seq_9_AP014942.1
SEntH_1_BX571857+	SEntH_1_BX571857.1	SEntH_2_BA000033.2	seh_1_BX571857.1	seh_2_U11702.1	seh_3_AY345144.1
SEntI_1_BX571856+	SEntI_1_BX571856.1	SEntI_3_BA000018.3	SEntI_4_AJ938182.1	SEntI_6_FR821777.2	SEntK_6_CP002110.1	sei_1_BA000018.3	sei_2_AJ938182.1	sei_3_CP011147.1	sei_4_CP002388.1
SEntI_7_CP002110+	SEntI_7_CP002110.1	SEntM_1_BX571856.1	SEntM_2_BA000018.3	SEnt_11_HE681097.1	SEnt_8_FR821777.2	sem_1_CP002388.1	sem_2_AJ938182.1	sem_3_BA000018.3
SEntK_1_CP000255+	SEntK_1_CP000255.1	SEntK_2_CP000046.1	SEntK_3_BA000033.2	SEntK_4_FN433596.1	SEntK_5_CP003166.1	SEntM_3_CP002120.1	SEnt_4_CP000730.1	sek_1_CP000255.1	sek_2_U93688.2	sek_3_CP007539.1	sek_4_GQ358928.1	sek_5_CP006630.1	sek_6_BA000033.2
SEntL_1_BA000018+	SEntL_1_BA000018.3	SEntL_2_BA000017.4	SEntL_3_AJ938182.1	SEntL_4_BA000033.2	SEntL_6_CP001996.1	sel_1_BA000018.3	sel_2_AF217235.1
SEntN_1_BA000018+	SEntN_1_BA000018.3	SEntN_2_BA000017.4	sen_1_BA000018.3	sen_2_AP014653.1
SEntO_1_BA000018+	SEntO_1_BA000018.3	SEntO_2_AJ938182.1	SEntO_3_CP002110.1	SEnt_10_FR821777.2	SEnt_3_BX571856.1	seo_1_BA000018.3	seo_2_CP003979.1	seo_3_CP002388.1	seo_4_AJ938182.1
SEntP_2_BA000018+	SEntP_2_BA000018.3	sea_sep_13_KF831354.1	sea_sep_14_BA000018.3	sea_sep_3_BA000018.3
SEnt_13_CP002643+	SEnt_13_CP002643.1	SEnt_like_1_CP001781.1	SExo_24_CP003045.1	set2_2_BA000018.3	set2_3_BA000033.2
SEnt_like_2_CP003194+	SEnt_like_2_CP003194.1	SEnt_like_3_CP002643.1	sal_8_BX571857.1	set13_1_BA000018.3	set13_2_CP002120.1	set13_4_CP003166.1	set24_1_BA000033.2	set24_2_CP000730.1	set3_10_AJ938182.1	set5_1_HE681097.1	set5_3_FR821779.1	set5_4_FN433596.1
SEnt_like_4_CP002643+	SEnt_like_4_CP002643.1	SExo_15_FN433596.1	sal_15_BX571857.1	set18_1_BA000033.2	set18_2_CP000730.1	set8_1_BA000018.3	set8_2_CP002120.1	set8_4_CP001844.2	set9_2_AJ938182.1
SEnt_like_5_CP002643+	SEnt_like_5_CP002643.1	SExo_16_FN433596.1	SExo_31_CP003045.1	set30_1_CP000046.1	set3_11_CP000730.1	set6_1_CP001844.2	set6_2_CP002120.1	set6_3_AM990992.1	set6_4_CP003166.1	set6_5_CP003166.1
SEnt_like_6_CP003194+	SEnt_like_6_CP003194.1	SExo_10_FN433596.1	SExo_3_FR821779.1	sal_14_BX571857.1	set12_1_BA000018.3	set12_2_CP002114.2	set12_3_CP002120.1	set12_4_CP003166.1	set23_1_BA000033.2	set23_2_CP000730.1	set4_2_AJ938182.1
SEnt_like_7_CP002643+	SEnt_like_7_CP002643.1	sal_9_BX571857.1	set14_1_BA000018.3	set14_2_CP002120.1	set25_1_BA000033.2	set25_2_CP000730.1	set2_1_AJ938182.1	set4_5_FR821779.1	set4_6_FN433596.1	set4_9_CP003166.1	set5_7_CP003194.1
SEnt_like_8_CP002643+	SEnt_like_8_CP002643.1	SExo_11_FN433596.1	set21_2_CP000730.1
SEnt_like_9_CP002643+	SEnt_like_9_CP002643.1	SExo_13_FN433596.1	SExo_9_FR821779.1	set10_2_AJ938182.1	set17_1_BA000033.2	set1_3_CP000730.1	set7_2_BA000018.3	set7_3_AP009324.1	set7_4_CP000255.1	set7_6_CP003166.1
SExo_-	SExo_23_CP003045.1	SExo_46_HE681097.1
SExo_12_FN433596+	SExo_12_FN433596.1	SExo_8_FR821779.1	sal_16_BX571857.1	set19_1_BA000033.2	set19_2_CP000730.1	set8_3_CP003166.1	set9_1_BA000018.3
SExo_14_FN433596+	SExo_14_FN433596.1	set15_2_CP002120.1
SExo_17_FN433596+	SExo_17_FN433596.1	SExo_34_CP001996.1	SExo_6_FR821779.1	sal_7_BX571857.1	set4_11_BA000033.2	set4_7_BA000018.3
SExo_18_FN433596+	SExo_18_FN433596.1	SExo_1_FR821779.1	SExo_32_CP001996.1	SExo_43_HE681097.1	sal_12_BX571857.1	set3_3_BA000018.3	set3_8_BA000033.2
SExo_19_FN433596+	SExo_19_FN433596.1	SExo_2_FR821779.1	SExo_33_CP001996.1	sal_13_BX571857.1	set1_9_BA000018.3
SExo_20_CP003045+	SExo_20_CP003045.1	sal_2_BX571856.1
SExo_21_CP003045+	SExo_21_CP003045.1	set14_3_CP002114.2	set4_10_AM990992.1	set4_1_BX571856.1	set4_3_HE681097.1	set4_4_CP002110.1	set4_8_FR821777.2
SExo_22_CP003045	SExo_22_CP003045.1
SExo_25_CP003045	SExo_25_CP003045.1
SExo_26_CP003045+	SExo_26_CP003045.1	sal_6_BX571856.1
SExo_27_CP003045+	SExo_27_CP003045.1	set13_3_CP002114.2	set5_2_CP002110.1	set5_6_BX571856.1	set5_9_CP003045.1
SExo_28_CP003045+	SExo_28_CP003045.1	sal_5_BX571856.1
SExo_29_CP003045+	SExo_29_CP003045.1	set3_4_FR821779.1	set3_5_AM990992.1	set3_9_CP002110.1	set7_1_AJ938182.1
SExo_30_CP003045+	SExo_30_CP003045.1	sal_3_BX571856.1	sal_4_BX571856.1
SExo_35_FR821777	SExo_35_FR821777.2
SExo_36_FR821777	SExo_36_FR821777.2
SExo_37_FR821777	SExo_37_FR821777.2
SExo_38_FR821777	SExo_38_FR821777.2
SExo_39_FR821777	SExo_39_FR821777.2
SExo_40_FR821777	SExo_40_FR821777.2
SExo_41_FR821777+	SExo_41_FR821777.2	set7_5_CP002114.2
SExo_42_CP003166	SExo_42_CP003166.1
SExo_44_HE681097	SExo_44_HE681097.1
SExo_45_HE681097	SExo_45_HE681097.1
SExo_47_HE681097	SExo_47_HE681097.1
SExo_48_HE681097	SExo_48_HE681097.1
SExo_49_HE681097+	SExo_49_HE681097.1	sal_10_BX571857.1	set16_1_BA000033.2
SExo_4_FR821779	SExo_4_FR821779.1
SExo_5_FR821779+	SExo_5_FR821779.1	set11_2_AJ938182.1
SExo_7_FR821779	SExo_7_FR821779.1
SrtA_-	SrtA_1_CP003726.1	SrtA_2_CP002491.1	SrtA_3_295112306	SrtA_4_AE016830.1
aaiC_4_SSI	aaiC_4_SSI.AA790
aar_-	aar_10_SSI.AA787	aar_11_SSI.AA797	aar_12_SSI.AA784	aar_1_CU98159	aar_4_042	aar_5_SSI.AA795	aar_6_SSI.AA798	aar_7_SSI.AA785	aar_8_H131941065	aar_9_SSI.AA794
ace_-	ace_3_AE016830.1	ace_4_AF260874.1
ace_-_1	ace_7_AF260879.1	ace_8_AF260878.1
ace_-_2	ace_1_AF260872.1	ace_2_AF260873.1	ace_5_AF260877.1	ace_6_AF260876.1
acm_1_CP003351	acm_1_CP003351.1
agg3C_-	agg3C_1_AF411067	agg3C_2_TD000189_6	agg3C_3_ESBL_2014_0082	agg3C_4_SSI.AA782	agg3C_5_TD48_19	agg3C_6_55989	agg3C_7_SSI.AA797	agg3C_8_SSI.AA800	agg3C_9_SSI.AA791
agg4A_-	agg4A_1_SSI.AA799	agg4A_2_AB255435	agg4A_4_SSI.AA786	agg4A_5_EU637023	agg4A_6_SSI.AA803
agg4C_4_SSI+	agg4C_1_AB255435	agg4C_2_TD000069_14	agg4C_3_EU637023	agg4C_4_SSI.AA805
agg5A_-	agg5A_10_SSI.AA791	agg5A_11_93	agg5A_12_JH660546	agg5A_13_ESBL.2014_0082	agg5A_14_SSI.AA797	agg5A_15_AB571097	agg5A_1_SSI.AA789	agg5A_2_102	agg5A_3_AB571098	agg5A_4_SSI.AA796	agg5A_5_SSI.AA793	agg5A_6_SSI.AA800	agg5A_7_AB513347	agg5A_8_SSI.AA783	agg5A_9_AIHO01000017
aggA_-	aggA_10_SSI.AA804	aggA_6_TD000209_18	aggA_7_SSI.AA792	aggA_8_SSI.AA802
aggA_-_1	aggA_1_AFRH01000026	aggA_2_Y18149	aggA_3_SSI.AA801	aggA_4_SSI.AA788
agg_-	agg_1_AF454824.1	agg_2_CP002493.1
atl_-	atl_10_CP003194.1	atl_11_HE681097.1	atl_12_FR821779.1	atl_13_FN433596.1	atl_14_CP003166.1	atl_15_AM990992.1	atl_1_BX571856.1	atl_2_BA000018.3	atl_3_CP000730.1	atl_4_BA000033.2	atl_5_CP000046.1	atl_6_AJ938182.1	atl_7_CP001781.1	atl_8_AP009351.1	atl_8_CP002120.1	atl_9_CP002114.2
aur_-	aur_10_CP006630.1	aur_11_CP006706.1	aur_12_HE681097.1	aur_1_BA000018.3	aur_2_CP011147.1	aur_3_BA000033.2	aur_4_AJ938182.1	aur_5_AP014942.1	aur_6_FR821779.1	aur_7_CP002114.2	aur_8_AP014942.1	aur_9_AP014653.1
aur_1-	aur_13_CP003808.1	aur_14_CP009554.1	aur_15_CP009681.1	aur_16_CP007447.1
cCF10_-	cCF10_1AE016830.1	cCF10_2_CP002621.1	cCF10_3_CP002491.1	cCF10_4_CP003726.1	cCF10_5_FP929058.1
cOB1_-	cOB1_1_AE016830.1	cOB1_2_CP002621.1	cOB1_3_CP002491.1	cOB1_4_295112306
cad_-	cad_1_CP002621.1	cad_2_AF421355.1	cad_3_AE016830.1	cad_4_CP003726.1
camE_-	camE_1_AF435442.1	camE_2_AF435439.1	camE_3_AF435438.1	camE_4_AF435437.1	camE_5_AF435441.1	camE_6_AF435440.1	camE_7_CP002491.1	camE_8_CP003726.1
cap-	cap5D_1_CP001781.1	cap5D_2_CP000046.1	cap5D_3_CP000730.1	cap5D_4_AM990992.1	cap5D_5_BX571856.1	cap8D_1_BA000033.2	cap8D_2_CP001844.2	cap8D_3_CP003166.1	capD_2_AP009351.1	capD_3_AJ938182.1	capD_4_CP002110.1	capD_6_FR821779.1	capD_7_CP003808.1	capD_8_FN433596.1	capD_9_HE681097.1
cap-_1	cap8I_1_BA000033.2	cap8I_2_BX571856.1	cap8I_3_CP002120.1	cap8I_4_CP002114.2	cap8I_5_CP003166.1	capI_1_CP001996.1
cap-_10	cap5N_1_CP001781.1	cap5N_2_CP000730.1	cap5N_3_CP002114.2	cap5N_4_CP002120.1	cap5N_5_CP002110.1	cap8M_3_BA000033.2	cap8M_4_CP001844.2	cap8M_5_CP003166.1	capN_1_AJ938182.1	capN_2_FR821779.1	capN_3_CP003808.1	capN_4_HE681097.1	capN_5_CP001996.1
cap-_11	cap1C_1_CP001781.1	cap1C_2_CP000255.1	cap1C_3_CP002120.1	cap1C_4_CP002114.2	capC_12_BA000018.3	capC_1_AM990992.1	capC_2_AM990992.1	capC_5_CP000730.1	capC_7_BA000033.2
cap-_12	cap5C_1_CP001781.1	cap5C_2_CP000730.1	cap5C_3_CP001844.2	cap5C_4_CP003166.1	cap8C_1_BA000033.2	cap8C_2_BA000017.4	cap8C_3_BA000018.3	cap8C_4_CP000253.1	capC_10_FN433596.1	capC_11_HE681097.1	capC_3_BA000018.3	capC_4_BX571856.1	capC_6_AJ938182.1	capC_8_AP009324.1	capC_9_FR821779.1
cap-_13	cap1A_1_CP001781.1	cap1A_2_CP000255.1	cap1A_3_CP002110.1	capA_10_FR821777.2	capA_1_AM990992.1	capA_3_CP000730.1	capA_6_CP001844.2
cap-_14	cap5B_1_CP001781.1	cap5B_2_BA000018.3	cap5B_3_CP003166.1	cap8B_1_BA000033.2	capB_1_BX571856.1	capB_3_AP009351.1	capB_4_AJ938182.1	capB_6_FR821779.1	capB_7_FN433596.1	capB_8_CP003808.1	capB_9_HE681097.1
cap-_15	cap1B_1_CP001781.1	cap1B_2_CP000255.1	cap1B_3_CP002120.1	cap1B_4_CP002114.2	capB_10_BA000018.3	capB_2_CP000730.1	capB_5_BA000033.2
cap-_16	cap5A_2_CP000730.1	cap5A_3_AM990992.1	cap8A_1_BA000033.2	capA_2_BX571856.1	capA_4_HE681097.1	capA_5_AJ938182.1	capA_7_FR821779.1	capA_8_FN433596.1	capA_9_CP001996.1
cap-_17	cap5M_1_CP001781.1	cap5M_2_CP000730.1	cap5M_4_CP002120.1	cap5M_5_CP002114.2	cap5M_6_CP003166.1	cap8M_1_BA000033.2	cap8M_2_CP000253.1	capM_1_FR821779.1	capM_2_CP003808.1	capM_3_CP001996.1
cap-_18	cap8J_1_BA000033.2	cap8J_2_BX571856.1	cap8J_3_AJ938182.1	cap8J_4_CP002114.2	cap8J_5_CP003166.1	capJ_1_CP001996.1	capJ_2_CP002643.1
cap-_2	cap5O_1_CP001781.1	cap5O_2_CP000730.1	cap5O_3_CP002120.1	cap5O_4_CP002114.2	cap8O_1_BA000033.2	cap8O_2_BA000018.3	capO_1_AJ938182.1	capO_2_FR821779.1	capO_3_CP003808.1	capO_4_HE681097.1	capO_5_CP001996.1
cap-_3	cap8K_1_BA000033.2	cap8K_2_BX571856.1	cap8K_3_AJ938182.1	cap8K_4_CP002114.2	capK_1_CP001996.1
cap-_4	cap5L_1_CP001781.1	cap5L_2_CP000730.1	cap5L_3_CP002120.1	cap8L_1_BA000033.2	cap8L_2_FR714927.1	cap8L_3_AM990992.1	capL_1_AJ938182.1	capL_2_FR821779.1
cap-_5	cap5P_1_CP001781.1	cap5P_2_CP000730.1	cap5P_3_CP002120.1	cap5P_4_CP002114.2	cap8P_1_BA000033.2	cap8P_2_CP001844.2	cap8P_3_CP003166.1	capP_1_AJ938182.1	capP_2_CP003808.1	capP_3_HE681097.1	capP_4_CP001996.1
cap-_6	cap5G_1_CP001781.1	cap5G_2_CP000255.1	cap5G_3_CP000046.1	cap5G_4_CP002120.1	cap5G_5_CP002114.2	cap8G_1_BA000033.2	cap8G_2_CP003166.1	capG_1_AP009351.1	capG_2_AJ938182.1	capG_3_FR821779.1	capG_4_CP003808.1	capG_5_HE681097.1	capG_6_CP001996.1
cap-_7	cap5F_1_CP001781.1	cap5F_2_CP000730.1	cap5F_3_CP002120.1	cap5F_4_CP003194.1	cap8F_1_BA000033.2	cap8F_2_CP000253.1	cap8F_3_CP001844.2	capF_1_AJ938182.1	capF_2_CP003808.1	capF_3_HE681097.1	capF_4_CP001996.1	capF_5_BX571857.1
cap-_8	cap8H_1_BA000033.2	cap8H_2_BX571856.1	cap8H_3_AJ938182.1	cap8H_4_CP002120.1	cap8H_5_CP002114.2	cap8H_6_CP003194.1	cap8H_7_CP003166.1	capH_1_CP001996.1
cap-_9	cap5E_1_CP001781.1	cap5E_2_CP000046.1	cap5E_3_CP000730.1	cap5E_4_CP002114.2	cap5E_5_CP003033.1	cap5E_6_CP002120.1	cap5E_7_BX571856.1	cap8E_1_BA000033.2	cap8E_2_BA000018.3	cap8E_3_AM990992.1	cap8E_4_CP003166.1	capE_1_AJ938182.1	capE_2_FR821779.1	capE_3_CP003808.1	capE_4_HE681097.1	capE_5_CP001996.1
cap5H_-	cap5H_1_CP001781.1	cap5H_2_CP000255.1	cap5H_3_AM990992.1
cap5I_-	cap5I_1_CP001781.1	cap5I_2_CP000730.1	cap5I_3_CP000736.1	cap5I_4_AM990992.1
cap5J_-	cap5J_1_CP001781.1	cap5J_2_CP000730.1	cap5J_3_HE681097.1	cap5J_4_AM990992.1
cap5K_-	cap5K_1_CP001781.1	cap5K_2_CP000730.1	cap5K_3_CP003045.1	cap5K_4_AM990992.1	cap5K_5_HE681097.1
cap5M_3_AJ938182	cap5M_3_AJ938182.1
capD_-	capD_1_AP009351.1	capD_5_CP002114.2
capF_6_FR821777	capF_6_FR821777.2
clfA_-	clfA_11_CP002110.1	clfA_15_AM990992.1	clfA_5_BX571856.1
clfA_-_1	clfA_12_FR821779.1	clfA_8_CP001996.1
clfA_-_2	clfA_10_HE681097.1	clfA_6_BA000018.3	clfA_7_CP001781.1
clfA_-_3	clfA_2_BA000033.2	clfA_4_CP000730.1
clfA_1-	clfA_13_FN433596.1	clfA_1_AP009351.1
clfA_14_CP003166	clfA_14_CP003166.1
clfA_3_AJ938182	clfA_3_AJ938182.1
clfA_9_CP003194	clfA_9_CP003194.1
clfB_-	clfB_13_CP002110.1	clfB_15_FN433596.1	clfB_6_BX571856.1
clfB_-_1	clfB_17_CP003033.1	clfB_1_AP009351.1	clfB_2_BA000018.3	clfB_3_CP000255.1	clfB_4_BA000033.2	clfB_5_CP000046.1	clfB_8_CP001996.1	clfB_9_CP003194.1
clfB_1-	clfB_11_CP002120.1	clfB_14_FR821779.1	clfB_18_AM990992.1
clfB_1-_1	clfB_16_CP003166.1	clfB_19_CP003045.1
clfB_10_CP002114	clfB_10_CP002114.2
clfB_12_HE681097	clfB_12_HE681097.1
clfB_7_AJ938182	clfB_7_AJ938182.1
cluster	iha_1_CP000970	iha_2_FR686852	iha_3_GU725392
cluster_1	ireA_1_CU928162	ireA_2_AE014075	ireA_3_CP000468	ireA_4_CP002797
cluster_10	tir_10_FM986651	tir_11_FM986652	tir_12_DQ206455	tir_13_AF022236	tir_14_AF013122	tir_5_AF025311	tir_6_DQ007024	tir_7_DQ007023	tir_8_AB036053	tir_9_AJ633129
cluster_100	aggA_9_AY344586
cluster_101	fedA_1_M61713	fedA_2_AY569976	fedA_3_AM293592
cluster_102	aaiC_1_KF678353	aaiC_2_FN554766	aaiC_3_cp003301
cluster_103	agg3A_2_HE603111
cluster_104	sfaS_1_CP000243
cluster_105	aafA_1_AB571093	aafA_2_AB571096	aafA_3_AB571091	aafA_5_TD000088_19	aafA_6_AB571095	aafA_7_AB571094	aafA_8_FN554767
cluster_106	aafA_4_AF012835
cluster_107	aafB_1_FN554767
cluster_108	agg3B_1_AF411067
cluster_109	aggB_1_U12894	aggB_2_AFRH01000026
cluster_11	tir_35_AB288103	tir_36_AJ633130
cluster_110	agg4B_1_EU637023	agg4B_2_AB255435
cluster_111	efa1_10_AJ303141	efa1_11_AJ277443	efa1_1_AY840983	efa1_2_AJ133705	efa1_3_FM180568	efa1_4_AP010960	efa1_5_AF159462	efa1_6_AJ459584	efa1_7_AP010958	efa1_8_CP001846	efa1_9_AF453441
cluster_112	aap_1_AB255435	aap_2_Z32523	aap_3_FN554767
cluster_113	iss_10_CP004009	iss_11_AE014075	iss_12_CU928158	iss_13_CU928160	iss_14_DQ299398	iss_1_DQ381420	iss_2_CP000468	iss_3_CP001509	iss_4_CP001855	iss_5_AP009240	iss_6_CP001846	iss_7_CU928163	iss_8_CP001665	iss_9_CP002167
cluster_114	mchB_1_AE014075	mchB_2_AJ009631
cluster_115	fanA_1_X05797
cluster_116	mcmA_1_CP000247	mcmA_2_FN554766	mcmA_3_AJ515251	mcmA_4_AJ586887
cluster_117	stx2B_43_GQ995452_g
cluster_118	sta1_1_M25607	sta1_2_AJ555214
cluster_119	stb_1_AY028790	stb_2_AJ555214	stb_3_CP000913
cluster_12	tir_1_AF301618	tir_2_AB026719	tir_3_AF311901	tir_4_FN543502
cluster_120	celb_10_D00021	celb_1_X63621	celb_2_M57540	celb_3_M31808	celb_5_M30445	celb_6_X15858	celb_7_HF570109	celb_8_AF540491	celb_9_X06119
cluster_121	celb_4_CU928147
cluster_122	astA_10_L11241	astA_11_HM099896	astA_12_KJ149556	astA_1_AF161000	astA_2_AF161001	astA_3_AB042005	astA_4_AB042002	astA_5_AF160998	astA_6_AY545598	astA_7_AF411067	astA_8_HM099897	astA_9_AF160995
cluster_123	cnf1_1_U42629	cnf1_2_X70670	cnf1_3_CP000243	cnf1_4_CP002167	cnf1_5_AF483829	cnf1_6_AM261284	cnf1_7_AF483828
cluster_124	ehxA_10_EF204922	ehxA_11_EF204925	ehxA_12_EF204923	ehxA_1_EF204927	ehxA_2_EF204928	ehxA_3_AB011549	ehxA_4_X94129	ehxA_5_FJ386569	ehxA_6_AP010959	ehxA_7_HM138194	ehxA_8_AY258503	ehxA_9_AF043471
cluster_125	toxB_1_AB011549	toxB_2_GQ259888	toxB_3_AB456530	toxB_4_FJ386569
cluster_126	air_3_CP000970
cluster_127	eae_11_AJ705052	eae_12_AB647369	eae_13_AB647607	eae_14_FJ609811	eae_16_AJ876652	eae_18_AJ705051	eae_19_DQ523610	eae_1_AB647560	eae_23_FJ609822	eae_24_AB647569	eae_26_AJ876651	eae_33_FJ609810	eae_36_AJ876649	eae_39_FJ609833	eae_3_FJ609827	eae_40_AB647573	eae_41_AF530554	eae_4_AF116899	eae_5_AJ303141
cluster_128	eae_44_EF204930
cluster_129	eae_10_AY696839	eae_22_AB647391	eae_25_AJ705050	eae_29_AF530555	eae_2_AB647609	eae_34_FJ609831	eae_37_AB647555	eae_6_AB647400
cluster_13	tir_28_AY944736	tir_29_AY944735	tir_30_AJ303141	tir_31_AF070069	tir_32_AY944738	tir_33_AF045568	tir_34_AB426060
cluster_130	eae_15_FM872421	eae_17_AB647460	eae_20_AF022236	eae_21_FM180568	eae_27_AB647610	eae_28_GU944692	eae_30_AJ271407	eae_31_AJ744865	eae_32_AF449417	eae_35_AB647440	eae_7_AJ877229	eae_8_AY223510	eae_9_AJ877230
cluster_131	eae_38_AB647368
cluster_132	eae_45_ECU59503
cluster_133	eae_42_AF071034	eae_43_FM872418
cluster_134	cfaC_1_M55661	cfaC_2_FN649418	cfaC_3_AF296132	cfaC_4_AY283611
cluster_135	espfm_2_25187962
cluster_136	aafC_1_AF114828
cluster_137	aggC_1_U12894	aggC_2_AFRH01000026
cluster_138	katP_1_AB011549
cluster_139	iroN_3_CU928146	iroN_4_CP000243	iroN_5_AY545598	iroN_6_AF449498	iroN_7_AE014075	iroN_8_AY365116	iroN_9_CP000034
cluster_14	mchC_1_AJ515251	mchC_2_AJ009631	mchC_3_AJ515252	mchC_4_FN554766	mchC_5_CP003289	mchC_6_AE014075
cluster_140	iroN_10_AP006726	iroN_11_CP002911	iroN_12_AP006725	iroN_13_FP929040
cluster_141	iroN_1_CP002824	iroN_2_FO203355
cluster_142	mchF_10_AY536378	mchF_11_JX077110	mchF_12_CP002089	mchF_13_AF449498	mchF_14_AY545598	mchF_15_X57524	mchF_9_AY237108
cluster_143	mchF_3_CP003301	mchF_4_AE014075	mchF_5_AJ515252	mchF_6_AJ515251	mchF_7_AJ009631	mchF_8_FN554766
cluster_144	mchF_1_AF063590	mchF_2_CP003785
cluster_145	iha_10_CP003034	iha_11_CP001671	iha_12_CP003289	iha_13_BA000007	iha_14_AE005174	iha_15_CP000036	iha_16_CP001063	iha_17_CU928162	iha_18_CU928162	iha_19_AJ278144	iha_4_AF399919	iha_5_AP010953	iha_6_DQ211582	iha_7_AE014075	iha_8_AJ586888	iha_9_CP002212
cluster_15	saa_1_AF399919
cluster_16	cba_10_FJ664744	cba_11_FJ664721	cba_12_FJ664745	cba_13_FJ664738	cba_14_FJ664743	cba_15_FJ664724	cba_1_FJ664727	cba_2_FJ664725	cba_3_FJ664734	cba_4_FJ664722	cba_5_FJ664747	cba_6_FJ664720	cba_7_FJ664719	cba_8_FJ664737	cba_9_FJ664740
cluster_17	tccP_29_CP001368	tccP_30_AB253545	tccP_31_AB253537	tccP_32_AB253548	tccP_33_AB355997	tccP_34_AB355995
cluster_18	gad_10_AE014073	gad_11_EF547385	gad_12_CP000036	gad_13_CU928160	gad_14_CP003297	gad_15_AP009240	gad_16_FN649414	gad_17_U00096	gad_18_EF547380	gad_19_EF547383	gad_20_AP010953	gad_21_CU928163	gad_22_CP000970	gad_23_CP000970	gad_24_CP003034	gad_25_CP000802	gad_26_CP004009	gad_27_U00096	gad_28_CP001665	gad_29_CP000946	gad_30_CP003301	gad_31_CP002967	gad_32_EF551357	gad_33_EF551358	gad_34_AP009240	gad_35_EF551359	gad_36_EF551360	gad_37_AP010958	gad_38_CP003289	gad_39_CP003297	gad_3_EF547388	gad_40_CP001063	gad_41_CP002185	gad_42_AP010953	gad_43_CP000034	gad_44_BA000007	gad_45_EF551355	gad_46_CU928163	gad_47_FN554766	gad_48_FN649414	gad_49_CP000038	gad_4_CP001925	gad_50_AE005674	gad_51_CP000266	gad_52_CP003034	gad_53_CP001855	gad_54_CP001969	gad_55_CP002167	gad_56_CP000247	gad_57_AP009378	gad_58_CU928162	gad_59_EF547386	gad_5_CP001846	gad_60_CP001671	gad_61_FM180568	gad_62_EF547387	gad_63_CP001855	gad_64_AP009378	gad_65_CU928162	gad_66_CP002167	gad_67_CP001671	gad_68_CP000247	gad_69_FM180568	gad_6_BA000007	gad_70_EF551351	gad_7_EF547382	gad_8_CP000266	gad_9_AE005674
cluster_19	gad_1_CU928158
cluster_2	etpD_1_AB011549	etpD_2_AP010959	etpD_3_CP003111
cluster_20	gad_2_CU928158
cluster_21	tsh_1_AF218073	tsh_2_AY545598	tsh_3_EU330199
cluster_22	nleA_11_FM180568	nleA_12_AM422003	nleA_13_AP010960	nleA_14_AM422007	nleA_17_AM421999	nleA_7_CP001164	nleA_8_AE005174
cluster_23	nleA_10_AM422005	nleA_15_CP003111	nleA_16_GQ845116	nleA_18_AM421997	nleA_9_JN159731
cluster_24	stx2A_100_AJ567995_b	stx2A_101_L11078_b	stx2A_102_X65949_b	stx2A_103_AJ313015_b	stx2A_104_AF043627_b	stx2A_105_AB012102_b	stx2A_106_AB048224_b	stx2A_107_AB048238_b	stx2A_108_AB048222_b	stx2A_109_AB048226_b	stx2A_10_X81417_e	stx2A_110_AB048229_b	stx2A_111_AB048223_b	stx2A_112_AB048225_b	stx2A_113_GU126552	stx2A_114_AJ567997_b	stx2A_11_AY368993_e	stx2A_12_X81415_e	stx2A_13_X81416_e	stx2A_14_AB252836_e	stx2A_15_FN182286_e	stx2A_16_FM998846_e	stx2A_17_FM998838_e	stx2A_18_AJ313016_e	stx2A_19_AM937001_e	stx2A_20_KC339670	stx2A_21_FN252457	stx2A_22_GQ919289_g	stx2A_23_AY286000_g	stx2A_24_GQ995452_g	stx2A_25_AB048227_g	stx2A_26_GU228505_g	stx2A_27_AJ966783_g	stx2A_28_AB048236_g	stx2A_29_AY443043_c	stx2A_30_AB741082_c	stx2A_31_DQ059012_d	stx2A_32_EF441605_d	stx2A_33_AF500189_d	stx2A_34_EF584538_d	stx2A_35_AF479828_d	stx2A_36_AY443047_d	stx2A_37_AY443049_c	stx2A_38_FM998860_c	stx2A_39_AY443045_c	stx2A_3_AM904726_e	stx2A_40_AF500191_d	stx2A_41_JX206445	stx2A_42_AY443054_a	stx2A_43_AF500192_d	stx2A_44_AF329817_d	stx2A_45_DQ235775_d	stx2A_46_EF441603_c	stx2A_47_JN193428	stx2A_48_X67514_d	stx2A_49_X61283_d	stx2A_4_AY332411_e	stx2A_50_AF479829_d	stx2A_51_EU816442_d	stx2A_52_Z50754_a	stx2A_53_FM998854_a	stx2A_54_AY443057_a	stx2A_55_FR850031	stx2A_56_FM998840_d	stx2A_57_JN193431	stx2A_58_AY633460_d	stx2A_59_EF441619_a	stx2A_5_X81418_e	stx2A_60_AY633459_a	stx2A_61_EF441621_d	stx2A_62_AY633457_d	stx2A_63_AF500190_d	stx2A_64_AY095209_d	stx2A_65_AY633471_a	stx2A_66_JQ011318	stx2A_67_EF441604_c	stx2A_68_AF461173_a	stx2A_69_CP003297	stx2A_6_U72191_e	stx2A_70_AY143336_a	stx2A_71_DQ344636_a	stx2A_72_AB048835_a	stx2A_73_JQ411011	stx2A_74_AY633472_a	stx2A_75_AB048837_a	stx2A_76_FM998859_a	stx2A_77_FR874040	stx2A_78_AJ272135_a	stx2A_79_AF525040_a	stx2A_7_FM998844_e	stx2A_80_FM998861_a	stx2A_81_FM998842_a	stx2A_82_Z37725_a	stx2A_83_FM998839_a	stx2A_84_AY633470_c	stx2A_85_GQ429162_a	stx2A_86_FM998852_a	stx2A_87_AY443052_a	stx2A_88_GQ429163_a	stx2A_89_EF441622_a	stx2A_8_GU945539_e	stx2A_90_FM998851_a	stx2A_91_GQ429168_a	stx2A_92_EF441618_a	stx2A_93_GQ429170_a	stx2A_94_L11079_c	stx2A_95_AY443044_c	stx2A_96_AM982821_c	stx2A_97_AB015057_c	stx2A_98_FR851897_c	stx2A_99_EF441616_b	stx2A_9_FM998849_e	stx2B_10_EF441604_c	stx2B_11_FM998840_d	stx2B_12_EU086525_c	stx2B_13_AF461167_c	stx2B_14_L11079_c	stx2B_15_AB071845_c	stx2B_16_AM904726_e	stx2B_17_AY633472_a	stx2B_18_EF441618_a	stx2B_19_EF441613_a	stx2B_1_FN252458	stx2B_20_JN193428	stx2B_21_AB028900_a	stx2B_22_AB028904_a	stx2B_23_AF461171_a	stx2B_24_AF461173_a	stx2B_25_EF441599_a	stx2B_26_EF441609_a	stx2B_27_AE005174_a	stx2B_28_AY443054_a	stx2B_29_FM998839_a	stx2B_2_EF584538_d	stx2B_30_GQ429163_a	stx2B_31_AB028899_a	stx2B_32_FM998856_a	stx2B_33_AJ271063_c	stx2B_34_AJ272135_a	stx2B_35_AF525040_a	stx2B_36_DQ059012_d	stx2B_37_AF500187_d	stx2B_38_AF500188_d	stx2B_39_FN182287_d	stx2B_3_JX206445	stx2B_4_AY633457_d	stx2B_5_JN193431	stx2B_6_AY633460_d	stx2B_7_AF479829_d	stx2B_8_AY443045_c	stx2B_9_JN193429	stx2_100_AY286000_100	stx2_101_AB048236_101	stx2_102_AJ966783_102	stx2_106_X81418_106	stx2_107_AJ313016_107	stx2_108_FM998844_108	stx2_109_U72191_109	stx2_10_Z37725_10	stx2_110_M21534_110	stx2_111_X81417_111	stx2_112_X81415_112	stx2_113_X81416_113	stx2_114_FN182286_114	stx2_115_FM998846_115	stx2_116_AY368993_116	stx2_117_AM939642_117	stx2_118_FM998838_118	stx2_119_AY332411_119	stx2_11_FM998842_11	stx2_120_AJ567998_120	stx2_121_AJ249351_121	stx2_12_Z50754_12	stx2_13_AY443052_13	stx2_14_AJ272135_14	stx2_15_AF524944_15	stx2_16_FM998856_16	stx2_17_FM998858_17	stx2_18_EF441619_18	stx2_19_AY633459_19	stx2_1_FM998851_1	stx2_20_GQ429170_20	stx2_21_AF461171_21	stx2_22_AY443057_22	stx2_23_AF461173_23	stx2_24_AB030484_24	stx2_25_AY633472_25	stx2_26_EF441613_26	stx2_27_AY633471_27	stx2_28_DQ344636_28	stx2_29_EF441609_29	stx2_2_AY443054_2	stx2_30_EF441599_30	stx2_31_X07865_31	stx2_32_EF441618_32	stx2_33_EF441604_33	stx2_34_AY443044_34	stx2_35_L11079_35	stx2_36_M59432_36	stx2_37_FM177471_37	stx2_38_AF500189_38	stx2_39_AY443043_39	stx2_3_GQ429162_3	stx2_40_EU086525_40	stx2_41_AM982821_41	stx2_42_AY633464_42	stx2_43_AY633473_43	stx2_44_AY633453_44	stx2_45_AY633467_45	stx2_46_AY633469_46	stx2_47_AY739671_47	stx2_48_DQ235774_48	stx2_49_AB071845_49	stx2_4_FM998852_4	stx2_50_AF461167_50	stx2_51_AF291819_51	stx2_52_AB015057_52	stx2_53_AY443045_53	stx2_54_AY633470_54	stx2_55_AY443049_55	stx2_56_FM998860_56	stx2_57_AY443047_57	stx2_58_AF479828_58	stx2_59_GQ429172_59	stx2_5_GQ429163_5	stx2_60_AY633457_60	stx2_61_AY633458_61	stx2_62_AY443048_62	stx2_63_FM998848_63	stx2_64_AF500191_64	stx2_65_EF441621_65	stx2_66_FM99884_66	stx2_67_AF500190_67	stx2_68_DQ235775_68	stx2_69_AF479829_69	stx2_6_GQ429168_6	stx2_70_AY739671_70	stx2_71_EU816447_71	stx2_72_X61283_72	stx2_73_EF441605_73	stx2_74_EF584538_74	stx2_75_AF329817_75	stx2_76_AF500192_76	stx2_77_AY095209_77	stx2_78_DQ059012_78	stx2_79_SNS_79	stx2_7_FM998854_7	stx2_80_FN182287_80	stx2_81_FM998855_81	stx2_82_AB012102_82	stx2_83_AB048228_83	stx2_84_AB048238_84	stx2_85_AB048224_85	stx2_86_AB048223_86	stx2_87_AB048229_87	stx2_88_AB012101_88	stx2_89_AB048226_89	stx2_8_FM998861_8	stx2_90_AB048225_90	stx2_91_AJ313015_91	stx2_92_AF043627_92	stx2_93_AJ567997_93	stx2_94_EF441616_94	stx2_95_AJ567995_95	stx2_96_L11078_96	stx2_97_X65949_97	stx2_98_AM904726_98	stx2_99_AB048227_99	stx2_9_FM998839_9
cluster_25	vat_1_X16664	vat_2_AY151282	vat_3_CU928161	vat_4_CP001969	vat_5_CP001671	vat_6_CU651637	vat_7_AE014075
cluster_26	stx2A_1_AB472687_f	stx2A_2_AB232172_f	stx2B_40_AB232172_f	stx2B_41_AB472687_f	stx2B_42_AB252836_e	stx2_103_AB472687_103	stx2_104_AJ010730_104	stx2_105_M29153_105
cluster_27	nleA_1_AM421996	nleA_2_JN159726	nleA_3_AB303062	nleA_4_AM421995
cluster_28	nleA_5_JN159732	nleA_6_AM422006
cluster_29	aatA_1_AB255435	aatA_2_AFRH01000026	aatA_3_FN554767	aatA_4_CU928159
cluster_3	tccP_10_AB253571	tccP_11_AB253567	tccP_12_AB275125	tccP_13_AB253581	tccP_14_AB253579	tccP_15_AP010958	tccP_16_AB271154	tccP_17_AB426050	tccP_18_AB271155	tccP_19_AB271153	tccP_1_AB275121	tccP_20_AP010953	tccP_21_AB253560	tccP_22_AB275113	tccP_23_JX101866	tccP_24_AB253557	tccP_25_AB253559	tccP_26_AB275118	tccP_27_AB356001	tccP_28_AB275120	tccP_2_AB275127	tccP_3_AB275123	tccP_4_AB275117	tccP_5_AB275122	tccP_6_AB275129	tccP_7_AB275134	tccP_8_AB275119	tccP_9_AB275115
cluster_30	stx1A_10_AB071619_c	stx1A_11_AM230663_a	stx1A_12_AM230662_a	stx1A_13_JQ327854	stx1A_14_JX206444	stx1A_15_AF461168_a	stx1A_16_JQ327853	stx1A_17_AB083043_a	stx1A_18_EF079675_a	stx1A_1_AB050958_d	stx1A_2_AB050959_d	stx1A_3_AY170851_d	stx1A_4_AY986982_d	stx1A_5_AB071621_c	stx1A_6_AB048235_c	stx1A_7_AB048237_c	stx1A_8_GQ429160	stx1A_9_AJ314838_c	stx1B_10_AY135685_c	stx1B_11_AB071620_c	stx1B_12_AB050958_d	stx1B_13_Z36899_a	stx1B_14_AM230663_a	stx1B_1_AY986981_d	stx1B_2_AY170851_d	stx1B_3_AB083044_a	stx1B_4_AB048237_c	stx1B_5_GQ429160	stx1B_6_AB048235_c	stx1B_7_DQ449666_c	stx1B_8_AB071622_c	stx1B_9_AB071624_c	stx1_10_AJ279086_10	stx1_11_Z36899_11	stx1_12_AF461168_12	stx1_13_M19473_13	stx1_14_AB048232_14	stx1_15_AB071620_15	stx1_16_AB048237_16	stx1_17_AB071622_17	stx1_18_AB071624_18	stx1_19_DQ449666_19	stx1_1_M24352_1	stx1_20_Z36901_20	stx1_21_AB050958_21	stx1_22_AB050959_22	stx1_23_AY986980_23	stx1_24_AY170851_24	stx1_3_M19437_3	stx1_4_L04539_4	stx1_5_Z36900_5	stx1_6_AB083044_6	stx1_7_AB035142_7	stx1_8_AM230663_8	stx1_9_AM230662_9
cluster_31	senB_1_CP001062	senB_2_FJ876827	senB_3_CP000038
cluster_32	pic_1_AE014075	pic_2_CP003289	pic_3_U35656	pic_4_AF097644	pic_5_CU928145	pic_6_FN554766
cluster_33	capU_1_CP001062	capU_2_CP003034	capU_3_CP002729	capU_4_CP000795	capU_5_CU928145	capU_6_FN822745	capU_7_FN554767	capU_8_AB255435
cluster_34	subA_1_FJ664545	subA_2_AF399919	subA_3_JQ994271	subA_4_JN638552	subA_5_AY258503
cluster_35	air_1_FN554766	air_4_CP003034
cluster_36	eatA_1_CP000799	eatA_2_CR942285	eatA_3_AY163491
cluster_37	f17G_1_AF055312	f17G_2_L43374	f17G_3_L33969	f17G_4_AF022140	f17G_5_CP001162	f17G_6_L77091	f17G_7_L14319	f17G_8_AF055311	f17G_9_AF055310
cluster_38	ORF3_1_FN554767	ORF3_2_HE610901	ORF3_3_CU928159
cluster_39	ipaD_1_X60777	ipaD_2_CP000039	ipaD_3_AF348706	ipaD_4_AF386526	ipaD_5_CP001384	ipaD_6_CP000035	ipaD_7_GQ201921	ipaD_8_AY206439	ipaD_9_CP001062
cluster_4	tir_16_AY944737	tir_17_AB355659
cluster_40	nleC_1_AY485823	nleC_2_FN543502	nleC_3_AP010953	nleC_4_AE005174	nleC_5_AP010960	nleC_6_AP010960
cluster_41	nleB_10_AP010960	nleB_11_AF453441	nleB_12_FM201463	nleB_13_AE005174	nleB_14_AP010958	nleB_7_FM986650	nleB_8_AB426063	nleB_9_FM986651
cluster_42	sepA_1_Z48219	sepA_2_AY604009	sepA_3_AF348706	sepA_4_CP001384	sepA_5_AF386526	sepA_6_CP003299	sepA_7_AB255435
cluster_43	nleB_5_AY747106	nleB_6_FN543502
cluster_44	nleB_1_CP001846
cluster_45	nleB_2_AB303062	nleB_3_AE005174	nleB_4_AB426056
cluster_46	espI_1_AJ278144	espI_2_AP010958
cluster_47	espB_10_X99670	espB_11_Y13859	espB_12_ECU65681	espB_13_AF054421	espB_14_AP010953	espB_7_AP010958	espB_8_AJ303141	espB_9_AB426060
cluster_48	espB_1_EU871627	espB_2_EU871628	espB_3_AF071034	espB_4_X96953	espB_5_CP001846	espB_6_AE005174
cluster_49	epeA_1_AY258503
cluster_5	tir_15_AB288104
cluster_50	espF_1_AF311901
cluster_51	fedF_1_AY970782	fedF_2_AY970797	fedF_3_DQ914286	fedF_4_DQ995282	fedF_5_AY970783	fedF_6_AY970808
cluster_52	hlyE_1_AF052225
cluster_53	espF_2_AF116900	espF_3_AP010958	espF_4_AJ303141
cluster_54	espC_1_AF297061	espC_2_U69128	espC_3_FM180568
cluster_55	K88ab_10_AJ616236	K88ab_1_CP002968	K88ab_2_M29376	K88ab_3_M29374	K88ab_4_U19784	K88ab_5_AJ616256	K88ab_6_CP002730	K88ab_7_AJ616239	K88ab_8_EU570252	K88ab_9_M25302
cluster_56	cif_1_AY128537	cif_2_AY128535	cif_3_AF497476	cif_4_AB426049
cluster_57	fim41a_1_X14354	fim41a_2_M21788
cluster_58	perA_10_EF011045	perA_11_AF254667	perA_12_AF295088	perA_13_AB024946	perA_14_EF011049	perA_15_AF305565	perA_16_AB523696	perA_17_EF011053	perA_18_AB523694	perA_19_AB523691	perA_1_EF011059	perA_2_EF011041	perA_3_AF255772	perA_4_AF255769	perA_5_AF307342	perA_6_EF011042	perA_7_AB523688	perA_8_EF011044	perA_9_AF255768
cluster_59	cma_10_FJ664756	cma_11_FJ664758	cma_12_FJ664752	cma_13_FJ664733	cma_14_FJ664726	cma_15_FJ664729	cma_16_FJ664720	cma_17_FJ664744	cma_18_FJ664718	cma_19_FJ664773	cma_1_FJ664772	cma_2_FJ664741	cma_3_FJ664746	cma_4_FJ664725	cma_5_FJ664737	cma_6_FJ664745	cma_7_FJ664734	cma_8_FJ664724	cma_9_CP000971
cluster_6	eilA_1_FN554766	eilA_2_CP003034	eilA_3_CP000970
cluster_60	cdtB_10_AB583185	cdtB_11_AY696755	cdtB_12_AY696753	cdtB_8_JF297618	cdtB_9_AB583184
cluster_61	cdtB_13_U04208	cdtB_14_AB472834
cluster_62	cdtB_1_AJ508930	cdtB_2_AB472840	cdtB_3_AY365042	cdtB_4_AY365045	cdtB_5_AB472839	cdtB_6_KC618326	cdtB_7_AY365044
cluster_63	ltcA_10_EU113243	ltcA_11_EU113244	ltcA_12_EU113242	ltcA_13_EU113251	ltcA_14_JX504011	ltcA_15_EU113248	ltcA_16_CP000795	ltcA_17_AP010910	ltcA_1_V00275	ltcA_2_EU113250	ltcA_3_EU113255	ltcA_4_EU113253	ltcA_5_EU113246	ltcA_6_EU113254	ltcA_7_EU113249	ltcA_8_EU113247	ltcA_9_EU113252
cluster_64	virF_1_AF348706	virF_2_CP000037
cluster_65	espP_1_HM138194	espP_2_AY258503	espP_3_GQ259888	espP_4_AB011549
cluster_66	aggR_1_DIJ1	aggR_2_FN554767	aggR_3_afrh01000026	aggR_4_z18751	aggR_5_55989
cluster_67	espF_6_FM986651	espF_7_AP010960	espF_8_AF041809
cluster_68	pet_1_AF056581
cluster_69	espF_10_AE005174	espF_11_CP001846	espF_12_FM180568	espF_13_AF022236
cluster_7	tir_18_EU871626	tir_20_AF070067	tir_21_AF125993	tir_22_EU871628	tir_23_HM581522	tir_24_CP003109	tir_25_DQ007019	tir_26_AE005174
cluster_70	aggD_1_U12894	aggD_2_AFRH01000026
cluster_71	agg3D_1_CU928159
cluster_72	sat_1_CP003034	sat_2_AJ586888	sat_3_CP001671	sat_4_JX050263	sat_5_CU928163	sat_6_AE014075
cluster_73	aafD_1_FN554767
cluster_74	nfaE_1_S61968	nfaE_2_FM955462	nfaE_3_FM955460	nfaE_4_AF325672	nfaE_5_X76688
cluster_75	sigA_1_CP000038	sigA_2_AE005674
cluster_76	air_2_CU928163
cluster_77	cofA_1_AB049751
cluster_78	rpeA_1_AY552473
cluster_79	lngA_1_AF004308	lngA_2_FN822746
cluster_8	ccI_1_AF190857	ccI_2_X04466	ccI_3_JF828150	ccI_4_DQ298019
cluster_80	agg4D_1_EU637023	agg4D_2_AB255435
cluster_81	espJ_1_AB303060
cluster_82	espJ_2_AE005174
cluster_83	espF_5_AJ633130
cluster_84	espF_9_AJ633129
cluster_85	fasA_1_M35257
cluster_86	bfpA_1_AB247925	bfpA_2_AM114103	bfpA_3_FN391182	bfpA_4_AB247923	bfpA_5_AB024946
cluster_87	espA_10_AJ225021	espA_11_AJ303141	espA_12_AY223511	espA_13_AF022236	espA_14_AJ225019	espA_15_AJ225020	espA_17_FM986652	espA_18_AP010960	espA_22_FM201463	espA_23_AJ225018	espA_8_AF064683	espA_9_AJ225015
cluster_88	espA_16_FM986651
cluster_89	espA_19_AE005174	espA_20_EU871627	espA_21_CP003109	espA_4_EU871628	espA_6_Y13068
cluster_9	tir_19_EU871627	tir_27_CP001846
cluster_90	espA_3_AF311901	espA_5_FN543502
cluster_91	espA_7_AJ633130
cluster_92	espA_1_AJ225016	espA_2_AJ633129
cluster_93	lpfA_10_AB198066	lpfA_11_CP003034	lpfA_1_KC207123	lpfA_2_AE014073	lpfA_3_AP010953	lpfA_4_HE616528	lpfA_5_AY646923	lpfA_6_CU928145	lpfA_7_CU928160	lpfA_8_CP002185	lpfA_9_CP000970
cluster_94	f17A_6_CP001162
cluster_95	f17A_1_L43373	f17A_2_AF055308	f17A_3_AF022140	f17A_4_AF055307
cluster_96	f17A_5_AF055306
cluster_97	f17A_7_L14318
cluster_98	ORF4_1_AB255435	ORF4_2_AFRH01000026	ORF4_3_FN554767
cluster_99	aggA_5_U12894
cna_-	cna_1_BX571856.1	cna_2_CP002643.1	cna_3_HE681097.1	cna_4_CP002110.1	cna_5_FR821779.1	cna_6_CP002120.1	cna_7_AM990992.1
coa_-	coa_10_FR821779.1	coa_4_CP002114.2
coa_-_1	coa_12_AM990992.1	coa_8_CP003808.1
coa_-_2	coa_5_CP002114.2	coa_9_CP002110.1
coa_-_3	coa_2_AP009351.1	coa_3_CP000255.1
coa_11_CP002478	coa_11_CP002478.1
coa_6_CP003194	coa_6_CP003194.1
coa_7_CP001996	coa_7_CP001996.1
cylA_-	cylA_1_AD1CLYL	cylA_2_AY032999.1	cylA_3_AF329367.1
cylB_2_AY032999+	cylB_1_AD1CLYL	cylB_2_AY032999.1
cylL_1_AY032999	cylL_1_AY032999.1
cylM_-	cylM_1_AD1CLYL	cylM_2_AY032999.1	cylM_3_AE016830.1
eap_-	eap_1_CP000730.1	eap_2_CP002114.2	eap_4_CP002110.1
eap_3_CP002110	eap_3_CP002110.1
eap_map_1_CP003166	eap_map_1_CP003166.1
ebh_-	ebh_3_CP003194.1	ebh_4_CP002110.1	ebh_6_CP002114.2
ebh_-_1	ebh_1_CP000046.1	ebh_2_CP000730.1	ebh_5_CP002120.1
ebp-	ebpB_1_AE016830.1	ebpB_2_CP002491.1	ebpB_3_295112306	ebpB_4_CP002621.1	ebpB_5_CP003726.1	ebpC_1_AE016830.1	ebpC_4_CP002621.1
ebpA_-	ebpA_1_AE016830.1	ebpA_2_CP002491.1	ebpA_3_295112306	ebpA_4_CP002621.1	ebpA_5_CP003726.1
ebpC_2_CP002491+	ebpC_2_CP002491.1	ebpC_3_295112306
ebpS_-	ebpS_10_CP002120.1	ebpS_11_CP002114.2	ebpS_12_CP001996.1	ebpS_13_HE681097.1	ebpS_14_AM990992.1	ebpS_15_CP003194.1	ebpS_16_CP002110.1	ebpS_1_BX571856.1	ebpS_2_BA000017.4	ebpS_3_CP000253.1	ebpS_4_AJ938182.1	ebpS_5_BA000033.2	ebpS_6_CP001844.2	ebpS_7_FR821779.1	ebpS_8_FN433596.1	ebpS_9_CP003166.1
edinA_-	edinA_1_M63917.1	edinA_2_GQ900399.1
edinB_-	edinB_1_KC609427.1	edinB_2_AJ277173.1_partial
edinC_1_AP003088	edinC_1_AP003088.1
efaAfm_1_AF042288	efaAfm_1_AF042288.1
efaAfs_-	efaAfs_1_EFU03756	efaAfs_2_AE016830.1	efaAfs_3_CP002491.1	efaAfs_4_CP003726.1	efaAfs_5_CP002621.1	efaAfs_6_FP929058.1
efb_1_CP001781+	efb_1_CP001781.1	efb_2_CP000255.1	efb_3_CP002114.2	efb_4_CP002110.1	efb_5_CP003166.1	efb_6_CP003045.1	fib_1_FR821779.1	fib_2_AJ938182.1	fib_3_BA000033.2	fib_5_CP003194.1	fib_6_CP003194.1	fib_8_CP001996.1
esaA_-	esaA_10_BA000033.2	esaA_1_FR821779.1	esaA_2_CP001844.2	esaA_3_FN433596.1	esaA_4_CP003194.1	esaA_5_CP003808.1	esaA_6_CP002110.1	esaA_7_CP000730.1	esaA_8_FR821777.2	esaA_9_CP003166.1
esaB_-	esaB_1_CP000730.1	esaB_2_FR821779.1	esaB_3_CP001844.2	esaB_4_FN433596.1	esaB_5_CP002110.1	esaB_5_FR821777.2
esaC_-	esaC_1_CP000730.1	esaC_3_CP001844.2	esaC_6_FR821777.2
esaC_-_1	esaC_2_CP001844.2	esaC_4_CP002643.1	esaC_5_CP003166.1	esaC_7_CP003194.1
espfm_1_CP003351	espfm_1_CP003351.1
espfs_-	espfs_2_AF034779.1	espfs_3_AY032999.1	espfs_4_AF454824.1	espfs_5_AF329367.1
essA_-	essA_1_CP000730.1	essA_2_CP002114.2	essA_3_CP002120.1	essA_4_CP001844.2	essA_5_CP003808.1	essA_6_FR821777.2	essA_7_HE681097.1
essB_-	essB_10_AJ938182.1	essB_11_CP001996.1	essB_12_HE681097.1	essB_1_CP002120.1	essB_2_FR821779.1	essB_3_CP001844.2	essB_4_CP003194.1	essB_5_CP003808.1	essB_6_CP000730.1	essB_7_CP002114.2	essB_8_FR821777.2	essB_9_BA000033.2
essC_-	essC_11_CP003166.1	essC_15_CP003045.1	essC_16_HE681097.1	essC_2_FR821779.1	essC_3_FN433596.1	essC_6_CP003808.1	essC_7_CP002110.1
essC_-_1	essC_10_CP003033.1	essC_12_BA000033.2	essC_13_AJ938182.1	essC_14_CP000046.1	essC_1_CP000730.1	essC_4_CP003194.1	essC_5_CP001996.1	essC_8_BA000018.3	essC_9_FR821777.2
esxA_2_CP002120	esxA_2_CP002120.1
esxB_-	esxB_1_CP000730.1	esxB_2_CP001844.2	esxB_3_CP003194.1
eta_-	eta_11_AP008953.1	eta_1_AP008953.1	eta_2_KP893290.1	eta_3_L25372.1	eta_4_KP893289.1
eta_-_1	eta_1_AP009351.1	eta_2_BA000017.4	eta_3_CP001781.1	eta_4_CP000255.1	eta_5_AJ938182.1	eta_6_CP001996.1	eta_8_AM990992.1
eta_-_2	eta_10_CP002643.1	eta_9_CP002643.1
eta_7_FR821777	eta_7_FR821777.2
etb_1_M17348+	etb_1_M17348.1	etb_2_AP012467.1	sspA_1_GQ900415.1
fib_-	fib_4_CP003045.1	fib_7_CP003194.1
fib_9_FR821777	fib_9_FR821777.2
fnb-	fnbA_10_CP002110.1	fnbA_2_BX571856.1	fnbB_11_BX571856.1
fnbA_-	fnbA_11_AP009324.1	fnbA_4_CP001781.1	fnbA_8_HE681097.1
fnbA_-_1	fnbA_1_CP000255.1	fnbA_5_AP009351.1
fnbA_3_AJ938182	fnbA_3_AJ938182.1
fnbA_6_FR821779	fnbA_6_FR821779.1
fnbA_7_CP002114	fnbA_7_CP002114.2
fnbA_9_CP001996	fnbA_9_CP001996.1
fnbB_-	fnbB_12_AM990992.1	fnbB_2_BA000018.3	fnbB_4_CP001781.1
fnbB_-_1	fnbB_3_BX571857.1	fnbB_8_BA000033.2
fnbB_-_2	fnbB_1_CP000046.1	fnbB_5_AP009351.1
fnbB_10_CP003166	fnbB_10_CP003166.1
fnbB_6_FR821779	fnbB_6_FR821779.1
fnbB_7_FR821777	fnbB_7_FR821777.2
fnbB_9_CP002110	fnbB_9_CP002110.1
fsrB_-	fsrB_1_JN246675.1	fsrB_2_CP002621.1	fsrB_3_AE016830.1	fsrB_4_FJ858146.1	fsrB_5_CP003726.1
geh_-	geh_11_CP003033.1	geh_1_BA000018.3	geh_2_BX571856.1	geh_3_BA000033.2	geh_4_AP009351.1	geh_5_AJ938182.1	geh_6_FR821779.1	geh_7_HE681097.1	geh_8_CP002110.1	geh_9_AM990992.1
geh_10_AM990992+	geh_10_AM990992.1	lip_10_CP003808.1	lip_11_HE681097.1	lip_1_BA000018.3	lip_2_BX571856.1	lip_3_BA000033.2	lip_4_AP009351.1	lip_5_AJ938182.1	lip_6_CP002114.2	lip_7_CP002120.1	lip_8_FR821779.1	lip_9_CP003194.1
gelE_-	gelE_1_355320029	gelE_2_CP002621.1	gelE_3_M37185.1	gelE_4_CP002491.1	gelE_5_EF105504.1	gelE_6_AE016830.1	gelE_7_CP003726.1	gelE_8_FP929058.1
hla_-	hla_10_AM990992.1	hla_11_CP002120.1	hla_12_CP002114.2	hla_13_CP003166.1	hla_14_CP002110.1	hla_1_AJ938182.1	hla_2_AP009351.1	hla_3_BX571856.1	hla_4_FN433596.1	hla_5_CP001996.1	hla_6_HE681097.1	hla_7_FR821779.1	hla_8_BA000018.3	hla_9_BA000033.2
hlb_-	hlb_10_AP009351.1	hlb_10_CP003808.1	hlb_11_BA000018.3	hlb_11_CP001844.2	hlb_12_AP009324.1	hlb_13_CP011147.1	hlb_14_CP007447.1	hlb_15_AP014942.1	hlb_16_AP014653.1	hlb_17_CP000253.1	hlb_18_CP002114.2	hlb_19_CP002388.1	hlb_1_AJ938182.1	hlb_1_AJ938182.1.2	hlb_20_CP002120.1	hlb_21_CP001781.1	hlb_22_X13404.1	hlb_23_CP003194.1	hlb_24_CP006044.1	hlb_25_CP003045.1	hlb_2_CP001996.1	hlb_2_CP001996.1.2	hlb_3_CP003166.1	hlb_3_FR821779.1	hlb_4_CP000046.1	hlb_5_CP000253.1	hlb_5_CP003033.1	hlb_6_S72497.1	hlb_7_EF690812.1	hlb_8_CP001781.1	hlb_8_KC242859.1	hlb_9_LN626917.1
hld_-	hld_1_BA000033.2	hld_2_HE681097.1
hlgA_-	hlgA_10_AJ938182.1	hlgA_10_FR821779.1	hlgA_11_CP009554.1	hlgA_12_CP010952.1	hlgA_13_CP006044.1	hlgA_14_CP001996.1	hlgA_15_BX571856.1	hlgA_16_CP010940.1	hlgA_17_CP003808.1	hlgA_18_CP002114.2	hlgA_19_CP010941.1	hlgA_1_BA000018.3	hlgA_1_BA000018.3.2	hlgA_20_CP010943.1	hlgA_21_CP010295.1	hlgA_22_LN626917.1	hlgA_23_CP006706.1	hlgA_2_BA000033.2	hlgA_2_CP001781.1	hlgA_3_AP014942.1	hlgA_3_CP000046.1	hlgA_4_BX571856.1	hlgA_4_CP010402.1	hlgA_5_AP014653.1	hlgA_5_CP001781.1	hlgA_6_CP003194.1	hlgA_6_CP010944.1	hlgA_7_CP006630.1	hlgA_7_HE681097.1	hlgA_8_CP002110.1	hlgA_8_CP011528.1	hlgA_9_FR821779.1
hlgB_-	hlgB_10_CP002110.1	hlgB_10_CP011528.1	hlgB_11_BA000018.3	hlgB_12_AJ938182.1	hlgB_12_FR821779.1	hlgB_13_BA000017.4	hlgB_14_CP006706.1	hlgB_15_CP002114.2	hlgB_16_CP010941.1	hlgB_17_CP006630.1	hlgB_18_CP010940.1	hlgB_1_BX571856.1	hlgB_1_BX571856.1.2	hlgB_2_BA000018.3	hlgB_2_CP003808.1	hlgB_3_BA000033.2	hlgB_3_CP012756.1	hlgB_4_BA000017.4	hlgB_4_FR821779.1	hlgB_5_CP000046.1	hlgB_5_CP010952.1	hlgB_6_AJ938182.1	hlgB_6_CP001996.1	hlgB_7_CP011526.1	hlgB_8_BA000033.2	hlgB_8_CP002114.2	hlgB_9_AP014942.1	hlgB_9_HE681097.1
hlgC_-	hlgC_10_CP002110.1	hlgC_10_FR821779.1	hlgC_11_AJ938182.1	hlgC_11_CP001844.2	hlgC_12_CP003604.1	hlgC_12_FR821779.1	hlgC_13_CP006630.1	hlgC_14_CP009554.1	hlgC_15_AM990992.1	hlgC_16_CP006706.1	hlgC_17_HE681097.1	hlgC_18_CP006044.1	hlgC_19_CP003808.1	hlgC_1_BA000018.3	hlgC_1_BA000018.3.2	hlgC_20_CP007539.1	hlgC_2_BX571856.1	hlgC_2_HE579073.1	hlgC_3_AJ938182.1	hlgC_3_AP014653.1	hlgC_4_CP000255.1	hlgC_4_CP010526.1	hlgC_5_AP014942.1	hlgC_5_BA000033.2	hlgC_6_BA000033.2	hlgC_6_CP000046.1	hlgC_7_BX571857.1	hlgC_7_CP002114.2	hlgC_8_CP001996.1	hlgC_8_CP003194.1	hlgC_9_CP003194.1	hlgC_9_HE681097.1
hylA_-	hylA_1_AE016830.1	hylA_2_CP002621.1	hylA_3_CP002491.1	hylA_4_CP003726.1
hylB_-	hylB_1_AE016830.1	hylB_2_295112306	hylB_3_CP002621.1	hylB_4_CP003726.1
hylEfm_-	hylEfm_1_HM043744.1	hylEfm_2_HM565216.1
hys-	hysA2_9_BX571856.1	hysA_10_AM990992.1	hysA_12_CP003045.1	hysA_1_BA000018.3	hysA_2_BA000033.2	hysA_3_AP009351.1	hysA_4_CP002120.1	hysA_5_FR821779.1	hysa_7_CP002110.1
hysA-	hysA1_8_BX571856.1	hysA_11_AM990992.1
hysA_6_FR821779	hysA_6_FR821779.1
icaA_-	icaA_10_CP003808.1	icaA_13_CP003166.1	icaA_14_FR821777.2	icaA_1_CP001781.1	icaA_2_CP002120.1	icaA_3_CP001996.1	icaA_4_BX571856.1	icaA_5_CP000255.1	icaA_6_AJ938182.1	icaA_7_BA000033.2	icaA_8_HE681097.1	icaA_9_FR821779.1
icaB_-	icaB_11_HE681097.1	icaB_1_BA000018.3	icaB_2_BX571856.1	icaB_3_CP000253.1	icaB_4_CP000736.1	icaB_5_CP000046.1	icaB_6_AJ938182.1	icaB_7_FR821779.1	icaB_8_FN433596.1	icaB_9_AM990992.1
icaB_10_FR821777	icaB_10_FR821777.2
icaC_10_CP002110+	icaC_10_CP002110.1	icaC_11_CP003808.1	icaC_12_FR821779.1	icaC_13_CP003166.1	icaC_14_CP002643.1	icaC_1_BA000018.3	icaC_2_BX571856.1	icaC_4_CP000730.1	icaC_6_CP001781.1	icaC_7_CP002120.1	icaC_9_HE681097.1	iceA_5_AJ938182.1	iceC_3_AP009324.1	iceC_8_CP002114.2
icaD_-	icaD_1_BA000018.3	icaD_2_BX571856.1	icaD_3_BA000033.2	icaD_4_AJ938182.1	icaD_5_CP002114.2
icaR_-	icaR_10_CP003166.1	icaR_11_CP001996.1	icaR_1_CP000046.1	icaR_2_BA000018.3	icaR_3_BX571856.1	icaR_4_AJ938182.1	icaR_5_FR821779.1	icaR_6_CP002114.2	icaR_7_HE681097.1	icaR_8_CP002110.1	icaR_9_CP003045.1
ipaH9	ipaH9.8_1_CP000034	ipaH9.8_2_CP000036	ipaH9.8_3_CP000038	ipaH9.8_4_HE616528	ipaH9.8_5_CP000266	ipaH9.8_6_AE005674	ipaH9.8_7_CP001383	ipaH9.8_8_CP001063
isb_10_CP003166+	isb_10_CP003166.1	isb_1_BA000018.3	isb_3_BX571856.1	isb_4_BA000033.2	isb_5_CP000046.1	isb_6_CP002110.1	isb_7_FN433596.1	isb_8_FR821779.1	isb_9_CP003045.1	spa_16_AM990992.1
isb_2_BA000017	isb_2_BA000017.4
lukD_1_BA000018+	hlgB_11_FR821779.1	hlgB_7_BX571857.1	lukD_10_HF937103.1	lukD_11_AJ938182.1	lukD_12_CP006706.1	lukD_13_CP001996.1	lukD_14_LN831036.1	lukD_15_CP010402.1	lukD_1_BA000018.3	lukD_1_BA000018.3.2	lukD_2_AP009351.1	lukD_2_AP014942.1	lukD_3_BA000033.2	lukD_3_CP010402.1	lukD_4_AJ938182.1	lukD_4_AP014653.1	lukD_5_CP002114.2	lukD_5_CP007674.1	lukD_6_CP001996.1	lukD_6_CP010300.1	lukD_7_CP000253.1	lukD_7_CP011526.1	lukD_8_CP006838.1	lukD_9_CP007499.1	lukF_PV_9_CP003194.1
lukE_1_BA000018+	hlgA_9_FR821779.1.2	lukD_3_BA000033.2.2	lukE_10_CP006706.1	lukE_11_AJ938182.1	lukE_1_BA000018.3	lukE_1_BA000018.3.2	lukE_2_AP009351.1	lukE_2_CP000736.1	lukE_3_AP014653.1	lukE_4_AJ938182.1	lukE_4_CP003194.1	lukE_5_AP014942.1	lukE_5_CP002114.2	lukE_6_BA000033.2	lukE_6_CP003194.1	lukE_7_CP001996.1	lukE_7_HF937103.1	lukE_8_CP000253.1	lukE_8_CP003033.1	lukE_9_CP001781.1
lukF_PV_-	lukF_PV_10_AB678718.1	lukF_PV_11_AB678715.1	lukF_PV_12_AB006796.1	lukF_PV_13_X72700.1	lukF_PV_1_AB045978.2	lukF_PV_1_AB04978.2	lukF_PV_2_FJ821791.1	lukF_PV_3_AB009866.2	lukF_PV_3_AB678716.1	lukF_PV_4_CP000255.1	lukF_PV_4_CP012119.1	lukF_PV_5_CP002114.2	lukF_PV_5_HM584704.1	lukF_PV_6_AP009363.1	lukF_PV_6_HM584707.1	lukF_PV_7_AP012341.1	lukF_PV_7_FJ713816.1	lukF_PV_8_AB678713.1	lukF_PV_9_FJ821791.1
lukF_PV_-_1	lukF_PV_10_CP001996.1	lukF_PV_2_AB044554.1	lukF_PV_8_AJ938182.1
lukF_PV_11_CP003166	lukF_PV_11_CP003166.1
lukF_PV_12_BX571856	lukF_PV_12_BX571856.1
lukM_-	lukM_1_AB044554.1	lukM_2_AJ938182.1	lukM_3_CP001996.1
lukS_PV_-	lukS_PV_10_X72700.1	lukS_PV_11_AB256039.1	lukS_PV_12_EU368821.1	lukS_PV_1_AB045978.2	lukS_PV_1_AB045978.2.2	lukS_PV_2_AB009866.2	lukS_PV_2_HM584704.1	lukS_PV_3_CP000255.1	lukS_PV_3_KF773712.1	lukS_PV_4_AB678714.1	lukS_PV_4_CP003194.1	lukS_PV_5_AB009866.2	lukS_PV_6_AB678712.1	lukS_PV_7_CP012119.1	lukS_PV_8_DQ993352.1	lukS_PV_9_AB678718.1
lukS_PV_5_CP003166	lukS_PV_5_CP003166.1
nuc_-	nuc_2_BX571856.1	nuc_3_AJ938182.1	nuc_4_FR821779.1	nuc_6_CP001996.1	nuc_7_CP003808.1	nuc_8_HE681097.1	nuc_9_CP002110.1
nuc_-_1	nuc_1_BA000018.3	nuc_5_CP001844.2
sak_-	sak_1_BA000018.3	sak_1_BA000018.3.2	sak_2_BA000017.4	sak_2_BX571856.1	sak_3_BA000017.4	sak_3_BA000033.2	sak_4_BA000033.2	sak_4_CP000253.1	sak_5_CP002120.1	sak_5_CP007447.1	sak_6_AP014942.1	sak_6_HE681097.1	sak_7_CP000253.1	sak_7_CP009554.1	sak_8_CP003979.1	sak_9_HE681097.1
sal_11_BX571857+	sal_11_BX571857.1	set21_1_BA000033.2
sal_1_BX571856	sal_1_BX571856.1
scn_-	scn_1_AP009351.1	scn_1_AP009351.1.2	scn_2_CP002120.1	scn_2_LC032460.1	scn_3_KF831354.1
sdrC_-	sdrC_12_CP003194.1	sdrC_13_HE681097.1	sdrC_14_FN433596.1	sdrC_15_CP000253.1	sdrC_16_CP002643.1	sdrC_18_CP003033.1	sdrC_1_CP001781.1	sdrC_2_BA000018.3	sdrC_3_CP000255.1	sdrC_5_AP009351.1	sdrC_6_CP000046.1	sdrC_7_BA000033.2	sdrC_8_CP000730.1
sdrC_-_1	sdrC_10_CP001996.1	sdrC_11_CP002110.1	sdrC_17_CP003166.1	sdrC_4_BX571856.1
sdrC_9_CP002114	sdrC_9_CP002114.2
sdrD_-	sdrD_11_CP003194.1	sdrD_12_HE681097.1	sdrD_13_FN433596.1	sdrD_15_FR821779.1	sdrD_16_CP000253.1	sdrD_1_AP009351.1	sdrD_2_BA000018.3	sdrD_3_CP000255.1	sdrD_4_CP000046.1	sdrD_5_BA000017.4	sdrD_6_BA000033.2	sdrD_7_CP001781.1	sdrD_8_CP002114.2
sdrD_-_1	sdrD_14_CP003808.1	sdrD_9_CP001996.1
sdrD_10_CP002110	sdrD_10_CP002110.1
sdrE_-	sdrE_10_CP003194.1	sdrE_11_HE681097.1	sdrE_12_FN433596.1	sdrE_13_CP001844.2	sdrE_14_FR821779.1	sdrE_15_CP002120.1	sdrE_1_BA000018.3	sdrE_2_CP000255.1	sdrE_3_CP001781.1	sdrE_4_AP009351.1	sdrE_5_CP000046.1	sdrE_6_AP009324.1	sdrE_7_BA000033.2	sdrE_8_CP002114.2	sdrE_9_CP001996.1
sdrH_1_CP003194	sdrH_1_CP003194.1
sed_-	sed_1_M28521.1	sed_2_M94872.1	sed_3_KF007920.1
see_1_M21319	see_1_M21319.1
sej_-	sej_1_GQ900405.1	sej_2_AB075606.1
ser_1_AB075606	ser_1_AB075606.1
set-	set10_1_CP001844.2	set10_3_CP002114.2	set10_4_CP002120.1	set10_5_CP003166.1	set20_1_BA000033.2	set20_2_CP000730.1	set3_2_FN433596.1	set3_6_CP003194.1	set3_7_HE681097.1
set-_1	set11_1_BA000018.3	set11_3_CP002120.1	set11_4_CP002114.2	set11_5_CP001844.2	set1_5_FR821779.1	set1_8_CP003166.1	set22_1_BA000033.2	set22_2_CP000730.1	set5_5_AJ938182.1	set5_8_CP003194.1
set-_2	set1_2_AJ938182.1	set26_1_BA000033.2
set15_1_BA000018	set15_1_BA000018.3
set15_3_CP002114	set15_3_CP002114.2
set15_4_CP003194	set15_4_CP003194.1
set15_5_CP003166	set15_5_CP003166.1
set1_-	set1_1_BX571856.1	set1_4_HE681097.1	set1_6_AM990992.1
set1_7_FR821777	set1_7_FR821777.2
set3_1_FR821777	set3_1_FR821777.2
spa_-	spa_13_CP001781.1	spa_2_CP000730.1	spa_5_AP009351.1
spa_-_1	spa_3_BX571856.1	spa_7_FR821779.1
spa_-_2	spa_18_CP002114.2	spa_4_BA000033.2	spa_6_CP001844.2
spa_-_3	spa_10_CP003194.1	spa_15_AM990992.1	spa_9_FN433596.1
spa_11_CP002110	spa_11_CP002110.1
spa_12_HE681097	spa_12_HE681097.1
spa_14_AJ938182	spa_14_AJ938182.1
spa_17_CP002120	spa_17_CP002120.1
spa_1_BA000018	spa_1_BA000018.3
spa_8_CP001996	spa_8_CP001996.1
spl-	splB_7_CP002110.1	splE_6_CP002114.2	splF_10_CP003194.1
spl-_1	splD_1_BA000018.3	splD_2_CP000730.1	splD_3_FN433596.1	splD_4_FR821779.1	splD_5_CP000046.1	splF_11_CP003194.1	splF_12_CP002643.1	splF_1_BA000018.3	splF_2_BA000033.2	splF_3_CP000730.1	splF_4_AJ938182.1	splF_5_CP002110.1	splF_6_BX571856.1	splF_7_CP001996.1	splF_8_CP000046.1	splF_9_CP003194.1
spl-_2	splB_9_CP002110.1	splE_1_BX571856.1	splE_1_BX571856.1.2	splE_2_AP009351.1	splE_2_AP014942.1	splE_3_AP009351.1	splE_4_CP002114.2	splE_4_CP007674.1	splE_5_FR821779.1
splA_-	splA_10_CP003194.1	splA_11_CP003194.1	splA_1_BA000018.3	splA_1_BA000018.3.2	splA_2_BA000033.2	splA_2_HE579073.1	splA_3_AP009351.1	splA_3_CP003194.1	splA_4_AP014653.1	splA_4_CP000730.1	splA_5_AP014942.1	splA_5_CP003194.1	splA_6_BA000033.2	splA_6_CP002114.2	splA_7_CP007539.1	splA_7_FR821779.1	splA_8_CP001996.1	splA_8_CP006706.1	splA_9_FR821779.1
splB_-	splB_1_BA000018.3	splB_1_BA000018.3.2	splB_2_AP014942.1	splB_2_BA000033.2	splB_3_CP000730.1	splB_3_FR821779.1	splB_4_CP003194.1	splB_4_CP006706.1	splB_6_FR821779.1
splB_5_CP002110	splB_5_CP002110.1
splB_8_CP002110	splB_8_CP002110.1
splC_-	splC_10_CP001996.1	splC_5_AJ938182.1	splC_8_CP002114.2	splC_9_FR821779.1
splC_-_1	splC_1_BA000018.3	splC_2_BA000033.2	splC_3_BX571856.1	splC_4_AP009351.1	splC_6_CP003194.1	splC_7_CP002110.1
splE_3_AJ938182	splE_3_AJ938182.1
sspA_-	sspA_10_CP003194.1	sspA_11_HE681097.1	sspA_12_CP002110.1	sspA_13_CP001781.1	sspA_2_BA000018.3	sspA_3_CP000046.1	sspA_4_BX571856.1	sspA_5_BA000033.2	sspA_6_AP009351.1	sspA_7_AJ938182.1	sspA_8_CP001844.2	sspA_9_FR821779.1
sspB-	sspB2_3_CP002120.1	sspB_1_BA000018.3	sspB_2_BX571856.1	sspB_3_BA000033.2	sspB_4_AP009351.1	sspB_5_AJ938182.1	sspB_7_HE681097.1
sspB-_1	sspB2_1_CP001781.1	sspB2_2_CP000046.1	sspB_6_CP002110.1
sspC_-	sspC_1_CP000046.1	sspC_2_AP009324.1	sspC_3_AJ938182.1	sspC_4_BX571856.1	sspC_5_FR821779.1
tpx_-	tpx_1_CP003726.1	tpx_2_CP002621.1	tpx_3_295112306	tpx_4_AE016830.1
tsst_1_AJ938182+	tsst_1_AJ938182.1	tsst_2_BA000018.3	tsst_3_CP001996.1	tst_1_EF531614.1	tst_2_EF531615.1	tst_3_AP009324.1	tst_4_CP009554.1	tst_5_J02615.1
tsst_4_CP002643	tsst_4_CP002643.1
vwb_-	vwb_2_CP000730.1	vwb_4_BA000033.2	vwb_7_CP000253.1	vwb_9_BA000033.2
vwb_-_1	vwb_1_BA000017.4	vwb_3_CP000736.1	vwb_5_CP001781.1
vwb_-_2	vwb_6_AJ938182.1	vwb_8_CP003166.1
vwb_10_AM990992	vwb_10_AM990992.1
vwb_11_AM990992	vwb_11_AM990992.1
vwb_12_CP001996	vwb_12_CP001996.1
vwb_13_CP002110	vwb_13_CP002110.1
vwb_14_AM990992	vwb_14_AM990992.1
